{"cameraMode":{"drawMode":0,"name":"Shaded","section":"Shading Mode"},"sceneLighting":false,"audioPlay":false,"sceneViewState":{"m_AlwaysRefresh":false,"showFog":true,"showSkybox":false,"showFlares":true,"showImageEffects":true,"showParticleSystems":true,"showVisualEffectGraphs":true,"m_FxEnabled":true},"in2DMode":false,"pivot":{"x":6.089000225067139,"y":1.9762496948242188,"z":-15.611000061035157},"rotation":{"x":0.019390007480978967,"y":0.9937113523483276,"z":-0.09288734942674637,"w":0.07920388877391815},"size":0.9096636772155762,"orthographic":false}